{
  "accuracy": 0.9831932773109243,
  "classification_report": {
    "0": {
      "precision": 1.0,
      "recall": 1.0,
      "f1-score": 1.0,
      "support": 40.0
    },
    "1": {
      "precision": 0.975,
      "recall": 0.975,
      "f1-score": 0.975,
      "support": 40.0
    },
    "2": {
      "precision": 0.9743589743589743,
      "recall": 0.9743589743589743,
      "f1-score": 0.9743589743589743,
      "support": 39.0
    },
    "accuracy": 0.9831932773109243,
    "macro avg": {
      "precision": 0.9831196581196582,
      "recall": 0.9831196581196582,
      "f1-score": 0.9831196581196582,
      "support": 119.0
    },
    "weighted avg": {
      "precision": 0.9831932773109243,
      "recall": 0.9831932773109243,
      "f1-score": 0.9831932773109243,
      "support": 119.0
    }
  }
}